pmid	mesh
31708306	NA
31706697	NA
31706696	NA
31704028	NA
31697921	NA
31697920	NA
31697919	NA
31697918	NA
31697917	NA
31697916	NA
31697915	NA
31679900	NA
31677957	NA
31676170	NA
31672263	NA
31668844	NA
31668485	NA
31668484	NA
31653463	NA
31648900	NA
31648899	NA
31648898	NA
31647894	NA
31647893	NA
31647892	NA
31647891	NA
31647890	NA
31647889	NA
31647888	NA
31630908	NA
31629603	NA
31627985	NA
31623919	NA
31623918	NA
31607423	NA
31606248	NA
31606247	NA
31604597	NA
31601510	NA
31600518	NA
31600517	NA
31600516	NA
31600515	NA
31600514	NA
31600513	NA
31600512	NA
31600511	NA
31600510	NA
31600509	NA
31600508	NA
31600507	NA
31600506	NA
31587919	NA
31587918	NA
31586516	NA
31585809	NA
31582313	NA
31564592	NA
31564591	NA
31563294	NA
31561919	NA
31558350	NA
31557462	NA
31557461	NA
31557460	NA
31557459	NA
31557458	NA
31557457	NA
31557456	NA
31557455	NA
31557454	NA
31543297	NA
31542321	NA
31540825	NA
31537465	NA
31522764	NA
31521441	NA
31519460	NA
31515109	NA
31495646	NA
31495645	NA
31493975	NA
31492534	NA
31488329	NA
31488328	NA
31487528	NA
31487527	NA
31487526	NA
31487525	NA
31487524	NA
31487523	NA
31487522	NA
31487521	NA
31474508	NA
31473062	NA
31471123	NA
31466734	NA
31447169	NA
31439429	NA
31437453	Action Potentials
31437453	Animals
31437453	Astrocytes
31437453	physiology
31437453	Behavior
31437453	physiology
31437453	Brain Diseases
31437453	drug therapy
31437453	physiopathology
31437453	Brain Mapping
31437453	Humans
31437453	Learning
31437453	physiology
31437453	Memory Consolidation
31437453	physiology
31437453	Models, Neurological
31437453	Molecular Targeted Therapy
31437453	Neurodegenerative Diseases
31437453	drug therapy
31437453	physiopathology
31437453	Neurodevelopmental Disorders
31437453	drug therapy
31437453	physiopathology
31437453	Neuronal Plasticity
31437453	physiology
31437453	Neurons
31437453	physiology
31437453	Neurotransmitter Agents
31437453	physiology
31437453	Obsessive-Compulsive Disorder
31437453	drug therapy
31437453	physiopathology
31437453	Presynaptic Terminals
31437453	physiology
31437453	Receptors, Neurotransmitter
31437453	physiology
31437453	Reinforcement (Psychology)
31437453	Signal Transduction
31437453	physiology
31437453	Species Specificity
31437453	Stroke
31437453	drug therapy
31437453	physiopathology
31437453	Substance-Related Disorders
31437453	drug therapy
31437453	physiopathology
31437453	Time Factors
